{
    "id": 3322445566,
    "name": "Temp Menu",
    "description": "This is a testing menu",
    "enabled": true,
    "is_available": true,
    "api_created_at": "2019-09-24T09:37:38.386913",
    "service": {
        "api_created_at": "2019-11-11T15:24:05.447560",
        "id": 5047308127305728,
        "serviceLocationId": "c1f42e85-f99e-406b-acc7-87f1b341b082",
        "type": "UBEREATS"
    },
    "menu_sections": [
        {
            "id": 4321432111,
            "name": "Breakfast",
            "position": 1,
            "description": "Breakfast Section Description",
            "enabled": true,
            "is_available": true,
            "availability": [
                {
                    "time_periods": [
                        {
                            "end_time": "00:45", 
                            "start_time": "00:05"
                        }
                    ], 
                    "day_of_week": "monday", 
                    "enabled": true
                }, 
                {
                    "time_periods": [
                        {
                            "end_time": "22:00", 
                            "start_time": "11:25"
                        }
                    ], 
                    "day_of_week": "tuesday", 
                    "enabled": true
                }, 
                {
                    "time_periods": [
                        {
                            "end_time": "22:00", 
                            "start_time": "11:15"
                        }
                    ], 
                    "day_of_week": "wednesday", 
                    "enabled": true
                }, 
                {
                    "time_periods": [
                        {
                            "end_time": "22:15", 
                            "start_time": "11:45"
                        }
                    ], 
                    "day_of_week": "thursday", 
                    "enabled": true
                }, 
                {
                    "time_periods": [
                        {
                            "end_time": "23:00", 
                            "start_time": "11:00"
                        }
                    ], 
                    "day_of_week": "friday", 
                    "enabled": true
                }, 
                {
                    "time_periods": [
                        {
                            "end_time": "23:00", 
                            "start_time": "11:00"
                        }
                    ], 
                    "day_of_week": "saturday", 
                    "enabled": true
                }, 
                {
                    "time_periods": [
                        {
                            "end_time": "22:00", 
                            "start_time": "11:00"
                        }
                    ], 
                    "day_of_week": "sunday", 
                    "enabled": true
                }
            ], 
            "api_created_at": "2019-09-24T09:37:38.386913"
        },
        {
            "id": 9879875656,
            "name": "Lunch",
            "position": 2,
            "description": "Lunch Section Description",
            "enabled": false,
            "is_available": true,
            "availability": [
                {
                    "time_periods": [
                        {
                            "end_time": "22:00", 
                            "start_time": "11:00"
                        }
                    ], 
                    "day_of_week": "monday", 
                    "enabled": true
                }, 
                {
                    "time_periods": [
                        {
                            "end_time": "22:00", 
                            "start_time": "11:00"
                        }
                    ], 
                    "day_of_week": "tuesday", 
                    "enabled": true
                }, 
                {
                    "time_periods": [
                        {
                            "end_time": "22:00", 
                            "start_time": "11:00"
                        }
                    ], 
                    "day_of_week": "wednesday", 
                    "enabled": true
                }, 
                {
                    "time_periods": [
                        {
                            "end_time": "22:00", 
                            "start_time": "11:00"
                        }
                    ], 
                    "day_of_week": "thursday", 
                    "enabled": true
                }, 
                {
                    "time_periods": [
                        {
                            "end_time": "23:00", 
                            "start_time": "11:00"
                        }
                    ], 
                    "day_of_week": "friday", 
                    "enabled": true
                }, 
                {
                    "time_periods": [
                        {
                            "end_time": "23:00", 
                            "start_time": "11:00"
                        }
                    ], 
                    "day_of_week": "saturday", 
                    "enabled": true
                }, 
                {
                    "time_periods": [
                        {
                            "end_time": "22:00", 
                            "start_time": "11:00"
                        }
                    ], 
                    "day_of_week": "sunday", 
                    "enabled": true
                }
            ], 
            "api_created_at": "2019-09-24T09:37:38.386913"
        },
        {
            "id": 2342345656,
            "name": "Dinner",
            "position": 3,
            "description": "Dinner Section Description",
            "enabled": true,
            "is_available": true,
            "availability": [
                {
                    "time_periods": [
                        {
                            "end_time": "22:45", 
                            "start_time": "11:15"
                        }
                    ], 
                    "day_of_week": "monday", 
                    "enabled": true
                }, 
                {
                    "time_periods": [
                        {
                            "end_time": "22:05", 
                            "start_time": "11:10"
                        }
                    ], 
                    "day_of_week": "tuesday", 
                    "enabled": true
                }, 
                {
                    "time_periods": [
                        {
                            "end_time": "22:00", 
                            "start_time": "11:00"
                        }
                    ], 
                    "day_of_week": "wednesday", 
                    "enabled": true
                }, 
                {
                    "time_periods": [
                        {
                            "end_time": "22:00", 
                            "start_time": "11:00"
                        }
                    ], 
                    "day_of_week": "thursday", 
                    "enabled": true
                }, 
                {
                    "time_periods": [
                        {
                            "end_time": "23:00", 
                            "start_time": "11:00"
                        }
                    ], 
                    "day_of_week": "friday", 
                    "enabled": true
                }, 
                {
                    "time_periods": [
                        {
                            "end_time": "23:00", 
                            "start_time": "11:00"
                        }
                    ], 
                    "day_of_week": "saturday", 
                    "enabled": true
                }, 
                {
                    "time_periods": [
                        {
                            "end_time": "22:00", 
                            "start_time": "11:00"
                        }
                    ], 
                    "day_of_week": "sunday", 
                    "enabled": true
                }
            ], 
            "api_created_at": "2019-09-24T09:37:38.386913"
        }
    ]
}